,Abbreviation,EventName,Position,Compound,Stint,avg_lap_time,num_laps
0,VER,Bahrain Grand Prix,1.0,SOFT,1.0,97.16229411764706,17
1,VER,Bahrain Grand Prix,1.0,HARD,2.0,96.87635,20
2,VER,Bahrain Grand Prix,1.0,SOFT,3.0,95.7728,20
3,PER,Bahrain Grand Prix,2.0,SOFT,1.0,98.03983333333333,12
4,PER,Bahrain Grand Prix,2.0,HARD,2.0,97.29870833333332,24
5,PER,Bahrain Grand Prix,2.0,SOFT,3.0,95.97866666666667,21
6,SAI,Bahrain Grand Prix,3.0,SOFT,1.0,98.02542857142858,14
7,SAI,Bahrain Grand Prix,3.0,HARD,2.0,97.41861904761905,21
8,SAI,Bahrain Grand Prix,3.0,HARD,3.0,95.9865909090909,22
9,LEC,Bahrain Grand Prix,4.0,SOFT,1.0,98.31072727272726,11
10,LEC,Bahrain Grand Prix,4.0,HARD,2.0,97.9104347826087,23
11,LEC,Bahrain Grand Prix,4.0,HARD,3.0,96.13273913043477,23
12,RUS,Bahrain Grand Prix,5.0,SOFT,1.0,97.98890909090909,11
13,RUS,Bahrain Grand Prix,5.0,HARD,2.0,98.1692,20
14,RUS,Bahrain Grand Prix,5.0,HARD,3.0,96.54876923076924,26
15,NOR,Bahrain Grand Prix,6.0,SOFT,1.0,98.4606153846154,13
16,NOR,Bahrain Grand Prix,6.0,HARD,2.0,97.9601,20
17,NOR,Bahrain Grand Prix,6.0,HARD,3.0,96.41708333333332,24
18,HAM,Bahrain Grand Prix,7.0,SOFT,1.0,98.86541666666666,12
19,HAM,Bahrain Grand Prix,7.0,HARD,2.0,98.05595238095239,21
20,HAM,Bahrain Grand Prix,7.0,HARD,3.0,96.22941666666667,24
21,PIA,Bahrain Grand Prix,8.0,SOFT,1.0,98.67658333333333,12
22,PIA,Bahrain Grand Prix,8.0,HARD,2.0,97.99377272727271,22
23,PIA,Bahrain Grand Prix,8.0,HARD,3.0,96.55834782608696,23
24,ALO,Bahrain Grand Prix,9.0,SOFT,1.0,98.90633333333334,15
25,ALO,Bahrain Grand Prix,9.0,HARD,2.0,98.24034615384615,26
26,ALO,Bahrain Grand Prix,9.0,HARD,3.0,96.3615625,16
27,STR,Bahrain Grand Prix,10.0,SOFT,1.0,100.24799999999999,9
28,STR,Bahrain Grand Prix,10.0,HARD,2.0,99.03122222222221,18
29,STR,Bahrain Grand Prix,10.0,HARD,3.0,97.10546666666666,30
30,ZHO,Bahrain Grand Prix,11.0,SOFT,1.0,99.8921111111111,9
31,ZHO,Bahrain Grand Prix,11.0,HARD,2.0,98.9621052631579,19
32,ZHO,Bahrain Grand Prix,11.0,HARD,3.0,97.57828571428571,28
33,MAG,Bahrain Grand Prix,12.0,SOFT,1.0,99.56245454545454,11
34,MAG,Bahrain Grand Prix,12.0,HARD,2.0,99.12776190476191,21
35,MAG,Bahrain Grand Prix,12.0,HARD,3.0,97.34116666666667,24
36,RIC,Bahrain Grand Prix,13.0,SOFT,1.0,99.76007692307692,13
37,RIC,Bahrain Grand Prix,13.0,HARD,2.0,98.94754545454545,22
38,RIC,Bahrain Grand Prix,13.0,SOFT,3.0,97.14157142857142,21
39,TSU,Bahrain Grand Prix,14.0,SOFT,1.0,99.10757142857143,14
40,TSU,Bahrain Grand Prix,14.0,HARD,2.0,98.9542,20
41,TSU,Bahrain Grand Prix,14.0,HARD,3.0,97.61972727272727,22
42,ALB,Bahrain Grand Prix,15.0,SOFT,1.0,99.2468,15
43,ALB,Bahrain Grand Prix,15.0,HARD,2.0,99.08761904761906,21
44,ALB,Bahrain Grand Prix,15.0,HARD,3.0,97.3543,20
45,HUL,Bahrain Grand Prix,16.0,SOFT,1.0,113.555,1
46,HUL,Bahrain Grand Prix,16.0,HARD,2.0,99.71515789473683,19
47,HUL,Bahrain Grand Prix,16.0,HARD,3.0,98.15328571428572,21
48,HUL,Bahrain Grand Prix,16.0,SOFT,4.0,96.86746666666666,15
49,OCO,Bahrain Grand Prix,17.0,SOFT,1.0,100.0189,10
50,OCO,Bahrain Grand Prix,17.0,HARD,2.0,99.47485,20
51,OCO,Bahrain Grand Prix,17.0,HARD,3.0,97.94253846153846,26
52,GAS,Bahrain Grand Prix,18.0,SOFT,1.0,99.84724999999999,12
53,GAS,Bahrain Grand Prix,18.0,HARD,2.0,99.59847368421052,19
54,GAS,Bahrain Grand Prix,18.0,HARD,3.0,98.70583333333333,12
55,GAS,Bahrain Grand Prix,18.0,SOFT,4.0,97.08853846153846,13
56,BOT,Bahrain Grand Prix,19.0,SOFT,1.0,100.17158333333333,12
57,BOT,Bahrain Grand Prix,19.0,HARD,2.0,99.42894444444444,18
58,BOT,Bahrain Grand Prix,19.0,HARD,3.0,97.03703999999999,26
59,SAR,Bahrain Grand Prix,20.0,SOFT,1.0,99.69422222222222,10
60,SAR,Bahrain Grand Prix,20.0,HARD,2.0,100.7956111111111,18
61,SAR,Bahrain Grand Prix,20.0,HARD,3.0,99.01258333333334,12
62,SAR,Bahrain Grand Prix,20.0,SOFT,4.0,97.59713333333333,15
63,VER,Saudi Arabian Grand Prix,1.0,MEDIUM,1.0,98.29385714285715,7
64,VER,Saudi Arabian Grand Prix,1.0,HARD,2.0,92.80824390243902,43
65,PER,Saudi Arabian Grand Prix,2.0,MEDIUM,1.0,98.91142857142857,7
66,PER,Saudi Arabian Grand Prix,2.0,HARD,2.0,93.00660975609756,43
67,LEC,Saudi Arabian Grand Prix,3.0,MEDIUM,1.0,99.15414285714284,7
68,LEC,Saudi Arabian Grand Prix,3.0,HARD,2.0,93.23851219512196,43
69,PIA,Saudi Arabian Grand Prix,4.0,MEDIUM,1.0,99.77728571428572,7
70,PIA,Saudi Arabian Grand Prix,4.0,HARD,2.0,93.56263414634147,43
71,ALO,Saudi Arabian Grand Prix,5.0,MEDIUM,1.0,99.89871428571428,7
72,ALO,Saudi Arabian Grand Prix,5.0,HARD,2.0,93.64587804878049,43
73,RUS,Saudi Arabian Grand Prix,6.0,MEDIUM,1.0,100.70042857142857,7
74,RUS,Saudi Arabian Grand Prix,6.0,HARD,2.0,93.73780487804878,43
75,BEA,Saudi Arabian Grand Prix,7.0,SOFT,1.0,102.0112857142857,7
76,BEA,Saudi Arabian Grand Prix,7.0,HARD,2.0,95.05440476190476,43
77,NOR,Saudi Arabian Grand Prix,8.0,MEDIUM,1.0,95.28517142857143,37
78,NOR,Saudi Arabian Grand Prix,8.0,SOFT,2.0,93.708,13
79,HAM,Saudi Arabian Grand Prix,9.0,MEDIUM,1.0,95.53029411764706,36
80,HAM,Saudi Arabian Grand Prix,9.0,SOFT,2.0,93.55799999999999,14
81,HUL,Saudi Arabian Grand Prix,10.0,MEDIUM,1.0,96.78229032258065,33
82,HUL,Saudi Arabian Grand Prix,10.0,HARD,2.0,93.90888235294118,17
83,ALB,Saudi Arabian Grand Prix,11.0,MEDIUM,1.0,102.27114285714286,7
84,ALB,Saudi Arabian Grand Prix,11.0,HARD,2.0,96.08919047619048,43
85,MAG,Saudi Arabian Grand Prix,12.0,MEDIUM,1.0,102.16757142857143,7
86,MAG,Saudi Arabian Grand Prix,12.0,HARD,2.0,96.04309523809523,43
87,OCO,Saudi Arabian Grand Prix,13.0,MEDIUM,1.0,103.07914285714286,7
88,OCO,Saudi Arabian Grand Prix,13.0,HARD,2.0,96.32565853658537,42
89,SAR,Saudi Arabian Grand Prix,14.0,MEDIUM,1.0,103.43571428571428,7
90,SAR,Saudi Arabian Grand Prix,14.0,HARD,2.0,96.31024390243903,42
91,TSU,Saudi Arabian Grand Prix,15.0,MEDIUM,1.0,101.89471428571429,7
92,TSU,Saudi Arabian Grand Prix,15.0,HARD,2.0,96.48734146341464,42
93,RIC,Saudi Arabian Grand Prix,16.0,MEDIUM,1.0,102.77442857142857,7
94,RIC,Saudi Arabian Grand Prix,16.0,HARD,2.0,96.36231707317073,42
95,BOT,Saudi Arabian Grand Prix,17.0,SOFT,1.0,103.25185714285715,7
96,BOT,Saudi Arabian Grand Prix,17.0,HARD,2.0,97.81551851851853,28
97,BOT,Saudi Arabian Grand Prix,17.0,SOFT,3.0,94.66242857142856,14
98,ZHO,Saudi Arabian Grand Prix,18.0,MEDIUM,1.0,97.980275,41
99,ZHO,Saudi Arabian Grand Prix,18.0,SOFT,2.0,98.3895,8
100,STR,Saudi Arabian Grand Prix,19.0,MEDIUM,1.0,97.1216,6
101,GAS,Saudi Arabian Grand Prix,20.0,MEDIUM,1.0,121.453,1
102,SAI,Australian Grand Prix,1.0,MEDIUM,1.0,83.6141875,16
103,SAI,Australian Grand Prix,1.0,HARD,2.0,83.32628000000001,25
104,SAI,Australian Grand Prix,1.0,HARD,3.0,82.69758823529412,17
105,LEC,Australian Grand Prix,2.0,MEDIUM,1.0,85.093,9
106,LEC,Australian Grand Prix,2.0,HARD,2.0,83.69951999999999,25
107,LEC,Australian Grand Prix,2.0,HARD,3.0,82.12016666666666,24
108,NOR,Australian Grand Prix,3.0,MEDIUM,1.0,84.38192857142857,14
109,NOR,Australian Grand Prix,3.0,HARD,2.0,83.4166923076923,26
110,NOR,Australian Grand Prix,3.0,HARD,3.0,82.36477777777777,18
111,PIA,Australian Grand Prix,4.0,MEDIUM,1.0,85.236,9
112,PIA,Australian Grand Prix,4.0,HARD,2.0,83.66566666666667,30
113,PIA,Australian Grand Prix,4.0,HARD,3.0,83.44836842105263,19
114,PER,Australian Grand Prix,5.0,MEDIUM,1.0,84.946,14
115,PER,Australian Grand Prix,5.0,HARD,2.0,84.40509523809524,21
116,PER,Australian Grand Prix,5.0,HARD,3.0,83.53917391304348,23
117,STR,Australian Grand Prix,6.0,MEDIUM,1.0,86.222625,8
118,STR,Australian Grand Prix,6.0,HARD,2.0,84.60737931034483,29
119,STR,Australian Grand Prix,6.0,HARD,3.0,84.60333333333334,21
120,TSU,Australian Grand Prix,7.0,MEDIUM,1.0,86.10655555555556,9
121,TSU,Australian Grand Prix,7.0,HARD,2.0,84.71925925925926,27
122,TSU,Australian Grand Prix,7.0,HARD,3.0,84.54840909090909,22
123,ALO,Australian Grand Prix,8.0,HARD,1.0,85.3520588235294,17
124,ALO,Australian Grand Prix,8.0,MEDIUM,2.0,83.77158333333334,24
125,ALO,Australian Grand Prix,8.0,HARD,3.0,85.07835294117646,17
126,HUL,Australian Grand Prix,9.0,HARD,1.0,86.65299999999999,17
127,HUL,Australian Grand Prix,9.0,MEDIUM,2.0,83.96994444444445,18
128,HUL,Australian Grand Prix,9.0,HARD,3.0,84.64504347826087,23
129,MAG,Australian Grand Prix,10.0,MEDIUM,1.0,87.52414285714285,7
130,MAG,Australian Grand Prix,10.0,HARD,2.0,84.98634615384616,26
131,MAG,Australian Grand Prix,10.0,HARD,3.0,83.69208333333333,24
132,ALB,Australian Grand Prix,11.0,MEDIUM,1.0,88.18483333333334,6
133,ALB,Australian Grand Prix,11.0,HARD,2.0,85.22995238095238,21
134,ALB,Australian Grand Prix,11.0,HARD,3.0,83.7638,30
135,RIC,Australian Grand Prix,12.0,SOFT,1.0,89.8424,5
136,RIC,Australian Grand Prix,12.0,HARD,2.0,85.15075,24
137,RIC,Australian Grand Prix,12.0,HARD,3.0,83.76860714285715,28
138,GAS,Australian Grand Prix,13.0,MEDIUM,1.0,86.96358823529413,17
139,GAS,Australian Grand Prix,13.0,HARD,2.0,84.42770833333334,24
140,GAS,Australian Grand Prix,13.0,HARD,3.0,84.884375,16
141,BOT,Australian Grand Prix,14.0,MEDIUM,1.0,90.393625,8
142,BOT,Australian Grand Prix,14.0,HARD,2.0,84.70010714285715,28
143,BOT,Australian Grand Prix,14.0,HARD,3.0,84.49604761904762,21
144,ZHO,Australian Grand Prix,15.0,SOFT,1.0,89.00533333333334,6
145,ZHO,Australian Grand Prix,15.0,HARD,2.0,85.49896551724137,29
146,ZHO,Australian Grand Prix,15.0,HARD,3.0,84.43790909090909,22
147,OCO,Australian Grand Prix,16.0,MEDIUM,1.0,86.65166666666667,9
148,OCO,Australian Grand Prix,16.0,HARD,2.0,87.92728571428572,7
149,OCO,Australian Grand Prix,16.0,HARD,3.0,84.62092307692309,26
150,OCO,Australian Grand Prix,16.0,HARD,4.0,85.68813333333333,15
151,RUS,Australian Grand Prix,17.0,MEDIUM,1.0,85.98,8
152,RUS,Australian Grand Prix,17.0,HARD,2.0,83.87721621621621,37
153,RUS,Australian Grand Prix,17.0,HARD,3.0,81.22154545454545,12
154,HAM,Australian Grand Prix,18.0,SOFT,1.0,86.83257142857143,7
155,HAM,Australian Grand Prix,18.0,HARD,2.0,83.82475,9
156,VER,Australian Grand Prix,19.0,MEDIUM,1.0,84.89066666666666,4
157,VER,Japanese Grand Prix,1.0,MEDIUM,1.0,130.735,1
158,VER,Japanese Grand Prix,1.0,MEDIUM,2.0,97.54776923076923,15
159,VER,Japanese Grand Prix,1.0,MEDIUM,3.0,97.78194444444445,18
160,VER,Japanese Grand Prix,1.0,HARD,4.0,95.8201052631579,19
161,PER,Japanese Grand Prix,2.0,MEDIUM,1.0,132.767,1
162,PER,Japanese Grand Prix,2.0,MEDIUM,2.0,97.91950000000001,14
163,PER,Japanese Grand Prix,2.0,MEDIUM,3.0,98.15905555555555,18
164,PER,Japanese Grand Prix,2.0,HARD,4.0,95.92125,20
165,SAI,Japanese Grand Prix,3.0,MEDIUM,1.0,137.613,1
166,SAI,Japanese Grand Prix,3.0,MEDIUM,2.0,98.12,14
167,SAI,Japanese Grand Prix,3.0,MEDIUM,3.0,98.05523809523808,21
168,SAI,Japanese Grand Prix,3.0,HARD,4.0,95.92229411764707,17
169,LEC,Japanese Grand Prix,4.0,MEDIUM,1.0,154.543,1
170,LEC,Japanese Grand Prix,4.0,MEDIUM,2.0,98.35382608695652,25
171,LEC,Japanese Grand Prix,4.0,HARD,3.0,96.61985185185185,27
172,NOR,Japanese Grand Prix,5.0,MEDIUM,1.0,134.751,1
173,NOR,Japanese Grand Prix,5.0,MEDIUM,2.0,98.0075,10
174,NOR,Japanese Grand Prix,5.0,HARD,3.0,98.76186666666666,15
175,NOR,Japanese Grand Prix,5.0,HARD,4.0,96.70711111111112,27
176,ALO,Japanese Grand Prix,6.0,SOFT,1.0,140.526,1
177,ALO,Japanese Grand Prix,6.0,SOFT,2.0,98.5678,12
178,ALO,Japanese Grand Prix,6.0,MEDIUM,3.0,98.4781,20
179,ALO,Japanese Grand Prix,6.0,HARD,4.0,96.74195,20
180,RUS,Japanese Grand Prix,7.0,MEDIUM,1.0,159.587,1
181,RUS,Japanese Grand Prix,7.0,HARD,2.0,98.82973684210526,21
182,RUS,Japanese Grand Prix,7.0,HARD,3.0,97.904,15
183,RUS,Japanese Grand Prix,7.0,MEDIUM,4.0,96.37575,16
184,PIA,Japanese Grand Prix,8.0,MEDIUM,1.0,144.356,1
185,PIA,Japanese Grand Prix,8.0,MEDIUM,2.0,98.63977777777778,11
186,PIA,Japanese Grand Prix,8.0,HARD,3.0,98.65745,20
187,PIA,Japanese Grand Prix,8.0,HARD,4.0,96.7402380952381,21
188,HAM,Japanese Grand Prix,9.0,MEDIUM,1.0,152.716,1
189,HAM,Japanese Grand Prix,9.0,HARD,2.0,99.07345000000001,22
190,HAM,Japanese Grand Prix,9.0,HARD,3.0,97.733375,16
191,HAM,Japanese Grand Prix,9.0,MEDIUM,4.0,96.22478571428572,14
192,TSU,Japanese Grand Prix,10.0,MEDIUM,1.0,167.566,1
193,TSU,Japanese Grand Prix,10.0,SOFT,2.0,99.62525,6
194,TSU,Japanese Grand Prix,10.0,HARD,3.0,100.37486666666668,15
195,TSU,Japanese Grand Prix,10.0,HARD,4.0,98.00983333333333,30
196,HUL,Japanese Grand Prix,11.0,SOFT,1.0,162.853,1
197,HUL,Japanese Grand Prix,11.0,SOFT,2.0,100.9325,4
198,HUL,Japanese Grand Prix,11.0,HARD,3.0,99.84621428571428,28
199,HUL,Japanese Grand Prix,11.0,HARD,4.0,97.30052631578947,19
200,STR,Japanese Grand Prix,12.0,SOFT,1.0,179.595,1
201,STR,Japanese Grand Prix,12.0,SOFT,2.0,102.8416,11
202,STR,Japanese Grand Prix,12.0,MEDIUM,3.0,100.934,10
203,STR,Japanese Grand Prix,12.0,HARD,4.0,99.35183333333333,12
204,STR,Japanese Grand Prix,12.0,SOFT,5.0,97.59266666666666,18
205,MAG,Japanese Grand Prix,13.0,MEDIUM,1.0,185.172,1
206,MAG,Japanese Grand Prix,13.0,MEDIUM,2.0,101.61025,21
207,MAG,Japanese Grand Prix,13.0,HARD,3.0,98.61823333333334,30
208,BOT,Japanese Grand Prix,14.0,SOFT,1.0,164.736,1
209,BOT,Japanese Grand Prix,14.0,SOFT,2.0,112.005,5
210,BOT,Japanese Grand Prix,14.0,HARD,3.0,100.1405,16
211,BOT,Japanese Grand Prix,14.0,HARD,4.0,98.62923333333333,30
212,OCO,Japanese Grand Prix,15.0,SOFT,1.0,170.167,1
213,OCO,Japanese Grand Prix,15.0,HARD,2.0,102.90458823529411,18
214,OCO,Japanese Grand Prix,15.0,HARD,3.0,100.16085714285714,14
215,OCO,Japanese Grand Prix,15.0,MEDIUM,4.0,98.49010526315789,19
216,GAS,Japanese Grand Prix,16.0,SOFT,1.0,173.223,1
217,GAS,Japanese Grand Prix,16.0,HARD,2.0,103.81171428571429,15
218,GAS,Japanese Grand Prix,16.0,MEDIUM,3.0,100.2956875,16
219,GAS,Japanese Grand Prix,16.0,HARD,4.0,98.7794,20
220,SAR,Japanese Grand Prix,17.0,SOFT,1.0,188.456,1
221,SAR,Japanese Grand Prix,17.0,HARD,2.0,101.5673,21
222,SAR,Japanese Grand Prix,17.0,HARD,3.0,99.98958333333333,12
223,SAR,Japanese Grand Prix,17.0,MEDIUM,4.0,105.74914285714286,7
224,SAR,Japanese Grand Prix,17.0,SOFT,5.0,97.44372727272729,11
225,ZHO,Japanese Grand Prix,18.0,MEDIUM,1.0,195.118,1
226,ZHO,Japanese Grand Prix,18.0,SOFT,2.0,106.39579999999998,6
227,ZHO,Japanese Grand Prix,18.0,HARD,3.0,103.54475,4
228,ZHO,Japanese Grand Prix,18.0,HARD,4.0,128.193,1
229,RIC,Japanese Grand Prix,19.0,MEDIUM,1.0,,1
230,ALB,Japanese Grand Prix,20.0,SOFT,1.0,,1
231,VER,Chinese Grand Prix,1.0,MEDIUM,1.0,101.44738461538462,13
232,VER,Chinese Grand Prix,1.0,HARD,2.0,109.1183,10
233,VER,Chinese Grand Prix,1.0,HARD,3.0,105.58266666666667,33
234,NOR,Chinese Grand Prix,2.0,MEDIUM,1.0,103.7434090909091,22
235,NOR,Chinese Grand Prix,2.0,HARD,2.0,109.91196969696969,34
236,PER,Chinese Grand Prix,3.0,MEDIUM,1.0,102.19323076923077,13
237,PER,Chinese Grand Prix,3.0,HARD,2.0,110.0278,10
238,PER,Chinese Grand Prix,3.0,HARD,3.0,106.12946666666667,33
239,LEC,Chinese Grand Prix,4.0,MEDIUM,1.0,102.83628571428571,21
240,LEC,Chinese Grand Prix,4.0,HARD,2.0,108.11087500000001,35
241,SAI,Chinese Grand Prix,5.0,MEDIUM,1.0,103.20670588235294,17
242,SAI,Chinese Grand Prix,5.0,HARD,2.0,108.86816216216216,39
243,RUS,Chinese Grand Prix,6.0,MEDIUM,1.0,103.39445454545454,11
244,RUS,Chinese Grand Prix,6.0,MEDIUM,2.0,109.43641666666667,12
245,RUS,Chinese Grand Prix,6.0,HARD,3.0,109.02371875,33
246,ALO,Chinese Grand Prix,7.0,MEDIUM,1.0,103.02881818181818,11
247,ALO,Chinese Grand Prix,7.0,HARD,2.0,109.41725000000001,12
248,ALO,Chinese Grand Prix,7.0,SOFT,3.0,113.09511111111111,20
249,ALO,Chinese Grand Prix,7.0,MEDIUM,4.0,100.93423076923077,13
250,PIA,Chinese Grand Prix,8.0,MEDIUM,1.0,103.058125,16
251,PIA,Chinese Grand Prix,8.0,MEDIUM,2.0,117.246875,8
252,PIA,Chinese Grand Prix,8.0,HARD,3.0,108.73451612903226,32
253,HAM,Chinese Grand Prix,9.0,SOFT,1.0,104.92099999999999,9
254,HAM,Chinese Grand Prix,9.0,MEDIUM,2.0,105.35408333333334,12
255,HAM,Chinese Grand Prix,9.0,HARD,3.0,111.48577142857143,35
256,HUL,Chinese Grand Prix,10.0,MEDIUM,1.0,104.467375,8
257,HUL,Chinese Grand Prix,10.0,HARD,2.0,108.7548,15
258,HUL,Chinese Grand Prix,10.0,HARD,3.0,109.2373125,33
259,OCO,Chinese Grand Prix,11.0,MEDIUM,1.0,104.43655555555557,9
260,OCO,Chinese Grand Prix,11.0,HARD,2.0,109.537,14
261,OCO,Chinese Grand Prix,11.0,HARD,3.0,110.36118181818182,33
262,ALB,Chinese Grand Prix,12.0,MEDIUM,1.0,104.55311111111111,9
263,ALB,Chinese Grand Prix,12.0,MEDIUM,2.0,110.10914285714286,14
264,ALB,Chinese Grand Prix,12.0,HARD,3.0,110.16830303030304,33
265,GAS,Chinese Grand Prix,13.0,MEDIUM,1.0,104.46018181818181,11
266,GAS,Chinese Grand Prix,13.0,HARD,2.0,112.36358333333334,12
267,GAS,Chinese Grand Prix,13.0,HARD,3.0,119.95246666666667,15
268,GAS,Chinese Grand Prix,13.0,MEDIUM,4.0,101.3925,18
269,ZHO,Chinese Grand Prix,14.0,MEDIUM,1.0,105.540625,8
270,ZHO,Chinese Grand Prix,14.0,HARD,2.0,109.55753333333334,15
271,ZHO,Chinese Grand Prix,14.0,HARD,3.0,116.309625,17
272,ZHO,Chinese Grand Prix,14.0,SOFT,4.0,101.445625,16
273,STR,Chinese Grand Prix,15.0,SOFT,1.0,103.91344444444445,9
274,STR,Chinese Grand Prix,15.0,MEDIUM,2.0,104.76383333333332,12
275,STR,Chinese Grand Prix,15.0,HARD,3.0,130.83599999999998,5
276,STR,Chinese Grand Prix,15.0,MEDIUM,4.0,110.300375,9
277,STR,Chinese Grand Prix,15.0,HARD,5.0,101.91799999999999,21
278,MAG,Chinese Grand Prix,16.0,HARD,1.0,104.649,17
279,MAG,Chinese Grand Prix,16.0,HARD,2.0,123.11011111111111,10
280,MAG,Chinese Grand Prix,16.0,MEDIUM,3.0,106.29224137931034,29
281,SAR,Chinese Grand Prix,17.0,SOFT,1.0,104.93258333333334,12
282,SAR,Chinese Grand Prix,17.0,MEDIUM,2.0,113.40675,12
283,SAR,Chinese Grand Prix,17.0,HARD,3.0,109.92475,32
284,RIC,Chinese Grand Prix,18.0,MEDIUM,1.0,104.20078571428571,14
285,RIC,Chinese Grand Prix,18.0,MEDIUM,2.0,121.43883333333332,19
286,TSU,Chinese Grand Prix,19.0,SOFT,1.0,105.029625,8
287,TSU,Chinese Grand Prix,19.0,MEDIUM,2.0,109.30433333333333,15
288,TSU,Chinese Grand Prix,19.0,HARD,3.0,135.80433333333335,4
289,BOT,Chinese Grand Prix,20.0,MEDIUM,1.0,104.16655555555556,9
290,BOT,Chinese Grand Prix,20.0,HARD,2.0,104.1021,11
291,NOR,Miami Grand Prix,1.0,MEDIUM,1.0,95.09113793103448,29
292,NOR,Miami Grand Prix,1.0,HARD,2.0,93.91085185185185,28
293,VER,Miami Grand Prix,2.0,MEDIUM,1.0,93.88021739130434,23
294,VER,Miami Grand Prix,2.0,HARD,2.0,95.24878787878788,34
295,LEC,Miami Grand Prix,3.0,MEDIUM,1.0,93.595,19
296,LEC,Miami Grand Prix,3.0,HARD,2.0,95.38986486486488,38
297,PER,Miami Grand Prix,4.0,MEDIUM,1.0,94.05305882352941,17
298,PER,Miami Grand Prix,4.0,HARD,2.0,96.65718181818183,11
299,PER,Miami Grand Prix,4.0,MEDIUM,3.0,96.63431034482758,29
300,SAI,Miami Grand Prix,5.0,MEDIUM,1.0,93.90751851851853,27
301,SAI,Miami Grand Prix,5.0,HARD,2.0,97.52600000000001,30
302,HAM,Miami Grand Prix,6.0,HARD,1.0,94.81076923076922,26
303,HAM,Miami Grand Prix,6.0,MEDIUM,2.0,96.81874193548387,31
304,TSU,Miami Grand Prix,7.0,MEDIUM,1.0,95.21060714285714,28
305,TSU,Miami Grand Prix,7.0,HARD,2.0,96.90220689655173,29
306,RUS,Miami Grand Prix,8.0,MEDIUM,1.0,95.03116666666666,24
307,RUS,Miami Grand Prix,8.0,HARD,2.0,97.08839393939394,33
308,ALO,Miami Grand Prix,9.0,HARD,1.0,95.1485,22
309,ALO,Miami Grand Prix,9.0,MEDIUM,2.0,96.96331428571428,35
310,OCO,Miami Grand Prix,10.0,MEDIUM,1.0,94.99854545454545,22
311,OCO,Miami Grand Prix,10.0,HARD,2.0,97.13297142857142,35
312,HUL,Miami Grand Prix,11.0,MEDIUM,1.0,95.29116666666668,12
313,HUL,Miami Grand Prix,11.0,HARD,2.0,96.9580625,16
314,HUL,Miami Grand Prix,11.0,MEDIUM,3.0,96.4083448275862,29
315,GAS,Miami Grand Prix,12.0,MEDIUM,1.0,95.39425,12
316,GAS,Miami Grand Prix,12.0,HARD,2.0,96.66895555555556,45
317,PIA,Miami Grand Prix,13.0,MEDIUM,1.0,93.81918518518518,27
318,PIA,Miami Grand Prix,13.0,HARD,2.0,102.75325,13
319,PIA,Miami Grand Prix,13.0,MEDIUM,3.0,93.11964705882353,17
320,ZHO,Miami Grand Prix,14.0,MEDIUM,1.0,95.82110714285714,28
321,ZHO,Miami Grand Prix,14.0,SOFT,2.0,97.13324137931035,29
322,RIC,Miami Grand Prix,15.0,HARD,1.0,95.98071428571428,28
323,RIC,Miami Grand Prix,15.0,MEDIUM,2.0,97.0128275862069,29
324,BOT,Miami Grand Prix,16.0,SOFT,1.0,96.08609090909091,11
325,BOT,Miami Grand Prix,16.0,HARD,2.0,98.84683333333334,18
326,BOT,Miami Grand Prix,16.0,MEDIUM,3.0,95.21578571428572,28
327,STR,Miami Grand Prix,17.0,MEDIUM,1.0,95.44418181818182,11
328,STR,Miami Grand Prix,17.0,HARD,2.0,96.90623529411765,17
329,STR,Miami Grand Prix,17.0,MEDIUM,3.0,96.47437931034483,29
330,ALB,Miami Grand Prix,18.0,MEDIUM,1.0,95.7821,10
331,ALB,Miami Grand Prix,18.0,HARD,2.0,97.37358139534885,43
332,ALB,Miami Grand Prix,18.0,SOFT,3.0,95.2705,4
333,MAG,Miami Grand Prix,19.0,HARD,1.0,95.48995454545455,22
334,MAG,Miami Grand Prix,19.0,MEDIUM,2.0,104.831,6
335,MAG,Miami Grand Prix,19.0,MEDIUM,3.0,116.30166666666668,3
336,MAG,Miami Grand Prix,19.0,MEDIUM,4.0,93.30342307692308,26
337,SAR,Miami Grand Prix,20.0,MEDIUM,1.0,95.84527272727273,11
338,SAR,Miami Grand Prix,20.0,HARD,2.0,95.577625,17
339,VER,Emilia Romagna Grand Prix,1.0,MEDIUM,1.0,81.42404166666667,24
340,VER,Emilia Romagna Grand Prix,1.0,HARD,2.0,81.30961538461538,39
341,NOR,Emilia Romagna Grand Prix,2.0,MEDIUM,1.0,81.67381818181819,22
342,NOR,Emilia Romagna Grand Prix,2.0,HARD,2.0,81.19885365853659,41
343,LEC,Emilia Romagna Grand Prix,3.0,MEDIUM,1.0,81.75064,25
344,LEC,Emilia Romagna Grand Prix,3.0,HARD,2.0,81.30005263157895,38
345,PIA,Emilia Romagna Grand Prix,4.0,MEDIUM,1.0,81.98804347826086,23
346,PIA,Emilia Romagna Grand Prix,4.0,HARD,2.0,81.341475,40
347,SAI,Emilia Romagna Grand Prix,5.0,MEDIUM,1.0,81.91088888888889,27
348,SAI,Emilia Romagna Grand Prix,5.0,HARD,2.0,81.55508333333334,36
349,HAM,Emilia Romagna Grand Prix,6.0,MEDIUM,1.0,82.30518518518518,27
350,HAM,Emilia Romagna Grand Prix,6.0,HARD,2.0,81.61433333333333,36
351,RUS,Emilia Romagna Grand Prix,7.0,MEDIUM,1.0,82.16785714285714,21
352,RUS,Emilia Romagna Grand Prix,7.0,HARD,2.0,82.08687096774194,31
353,RUS,Emilia Romagna Grand Prix,7.0,MEDIUM,3.0,82.01709090909091,11
354,PER,Emilia Romagna Grand Prix,8.0,HARD,1.0,82.8235135135135,37
355,PER,Emilia Romagna Grand Prix,8.0,MEDIUM,2.0,81.36761538461539,26
356,STR,Emilia Romagna Grand Prix,9.0,MEDIUM,1.0,82.97956756756757,37
357,STR,Emilia Romagna Grand Prix,9.0,HARD,2.0,82.09861538461539,26
358,TSU,Emilia Romagna Grand Prix,10.0,MEDIUM,1.0,83.13316666666667,12
359,TSU,Emilia Romagna Grand Prix,10.0,HARD,2.0,82.9102,50
360,HUL,Emilia Romagna Grand Prix,11.0,MEDIUM,1.0,83.0423846153846,13
361,HUL,Emilia Romagna Grand Prix,11.0,HARD,2.0,83.08118367346938,49
362,MAG,Emilia Romagna Grand Prix,12.0,MEDIUM,1.0,83.358,37
363,MAG,Emilia Romagna Grand Prix,12.0,HARD,2.0,82.69760000000001,25
364,RIC,Emilia Romagna Grand Prix,13.0,MEDIUM,1.0,83.44690909090909,11
365,RIC,Emilia Romagna Grand Prix,13.0,HARD,2.0,83.0391568627451,51
366,OCO,Emilia Romagna Grand Prix,14.0,MEDIUM,1.0,83.39244000000001,25
367,OCO,Emilia Romagna Grand Prix,14.0,HARD,2.0,83.36075675675676,37
368,ZHO,Emilia Romagna Grand Prix,15.0,HARD,1.0,83.55742424242425,33
369,ZHO,Emilia Romagna Grand Prix,15.0,MEDIUM,2.0,83.1996551724138,29
370,GAS,Emilia Romagna Grand Prix,16.0,SOFT,1.0,84.288375,8
371,GAS,Emilia Romagna Grand Prix,16.0,HARD,2.0,83.63113636363636,22
372,GAS,Emilia Romagna Grand Prix,16.0,MEDIUM,3.0,83.14921875,32
373,SAR,Emilia Romagna Grand Prix,17.0,HARD,1.0,83.76093548387097,31
374,SAR,Emilia Romagna Grand Prix,17.0,MEDIUM,2.0,83.21658064516129,31
375,BOT,Emilia Romagna Grand Prix,18.0,MEDIUM,1.0,84.560875,8
376,BOT,Emilia Romagna Grand Prix,18.0,HARD,2.0,83.42792592592593,54
377,ALO,Emilia Romagna Grand Prix,19.0,SOFT,1.0,85.26028571428571,7
378,ALO,Emilia Romagna Grand Prix,19.0,HARD,2.0,83.47869696969697,33
379,ALO,Emilia Romagna Grand Prix,19.0,MEDIUM,3.0,83.13763157894736,19
380,ALO,Emilia Romagna Grand Prix,19.0,SOFT,4.0,89.714,3
381,ALB,Emilia Romagna Grand Prix,20.0,MEDIUM,1.0,84.1655,8
382,ALB,Emilia Romagna Grand Prix,20.0,HARD,2.0,,1
383,ALB,Emilia Romagna Grand Prix,20.0,MEDIUM,3.0,84.60307142857143,14
384,ALB,Emilia Romagna Grand Prix,20.0,MEDIUM,4.0,90.5132,5
385,ALB,Emilia Romagna Grand Prix,20.0,MEDIUM,5.0,83.23252173913043,23
386,LEC,Monaco Grand Prix,1.0,MEDIUM,1.0,2456.33,1
387,LEC,Monaco Grand Prix,1.0,HARD,2.0,78.43903947368422,77
388,PIA,Monaco Grand Prix,2.0,MEDIUM,1.0,2458.744,1
389,PIA,Monaco Grand Prix,2.0,HARD,2.0,78.5241447368421,77
390,SAI,Monaco Grand Prix,3.0,MEDIUM,1.0,2462.721,1
391,SAI,Monaco Grand Prix,3.0,HARD,2.0,78.52307894736842,77
392,NOR,Monaco Grand Prix,4.0,MEDIUM,1.0,2468.042,1
393,NOR,Monaco Grand Prix,4.0,HARD,2.0,78.53284210526316,77
394,RUS,Monaco Grand Prix,5.0,HARD,1.0,2473.884,1
395,RUS,Monaco Grand Prix,5.0,MEDIUM,2.0,78.5896447368421,77
396,VER,Monaco Grand Prix,6.0,HARD,1.0,2478.944,1
397,VER,Monaco Grand Prix,6.0,MEDIUM,2.0,80.04532,51
398,VER,Monaco Grand Prix,6.0,HARD,3.0,75.79823076923077,26
399,HAM,Monaco Grand Prix,7.0,HARD,1.0,2483.804,1
400,HAM,Monaco Grand Prix,7.0,MEDIUM,2.0,80.1355306122449,50
401,HAM,Monaco Grand Prix,7.0,HARD,3.0,75.82240740740741,27
402,TSU,Monaco Grand Prix,8.0,MEDIUM,1.0,2488.609,1
403,TSU,Monaco Grand Prix,8.0,HARD,2.0,80.87410526315789,76
404,ALB,Monaco Grand Prix,9.0,MEDIUM,1.0,2494.817,1
405,ALB,Monaco Grand Prix,9.0,HARD,2.0,80.98406578947368,76
406,GAS,Monaco Grand Prix,10.0,HARD,1.0,2497.695,1
407,GAS,Monaco Grand Prix,10.0,MEDIUM,2.0,81.02763157894738,76
408,ALO,Monaco Grand Prix,11.0,HARD,1.0,2513.184,1
409,ALO,Monaco Grand Prix,11.0,MEDIUM,2.0,81.14965333333333,75
410,RIC,Monaco Grand Prix,12.0,MEDIUM,1.0,2507.607,1
411,RIC,Monaco Grand Prix,12.0,HARD,2.0,81.22948000000001,75
412,BOT,Monaco Grand Prix,13.0,HARD,1.0,2521.748,1
413,BOT,Monaco Grand Prix,13.0,MEDIUM,2.0,86.30492857142858,14
414,BOT,Monaco Grand Prix,13.0,HARD,3.0,79.83647540983605,61
415,STR,Monaco Grand Prix,14.0,HARD,1.0,2502.648,1
416,STR,Monaco Grand Prix,14.0,MEDIUM,2.0,82.82460975609757,41
417,STR,Monaco Grand Prix,14.0,HARD,3.0,84.27033333333334,6
418,STR,Monaco Grand Prix,14.0,SOFT,4.0,78.48007142857143,28
419,SAR,Monaco Grand Prix,15.0,HARD,1.0,2516.858,1
420,SAR,Monaco Grand Prix,15.0,HARD,2.0,82.493375,56
421,SAR,Monaco Grand Prix,15.0,MEDIUM,3.0,77.26805263157895,19
422,ZHO,Monaco Grand Prix,16.0,MEDIUM,1.0,2526.253,1
423,ZHO,Monaco Grand Prix,16.0,HARD,2.0,81.89976811594202,69
424,ZHO,Monaco Grand Prix,16.0,SOFT,3.0,78.91283333333332,6
425,OCO,Monaco Grand Prix,17.0,HARD,1.0,,1
426,PER,Monaco Grand Prix,18.0,HARD,1.0,,1
427,HUL,Monaco Grand Prix,19.0,MEDIUM,1.0,,1
428,MAG,Monaco Grand Prix,20.0,HARD,1.0,,1
429,VER,Canadian Grand Prix,1.0,INTERMEDIATE,1.0,91.33424000000001,25
430,VER,Canadian Grand Prix,1.0,INTERMEDIATE,2.0,94.8455,20
431,VER,Canadian Grand Prix,1.0,MEDIUM,3.0,86.70644,25
432,NOR,Canadian Grand Prix,2.0,INTERMEDIATE,1.0,92.10653846153846,26
433,NOR,Canadian Grand Prix,2.0,INTERMEDIATE,2.0,93.113,21
434,NOR,Canadian Grand Prix,2.0,MEDIUM,3.0,87.02882608695653,23
435,RUS,Canadian Grand Prix,3.0,INTERMEDIATE,1.0,91.34539999999998,25
436,RUS,Canadian Grand Prix,3.0,INTERMEDIATE,2.0,95.03425,20
437,RUS,Canadian Grand Prix,3.0,HARD,3.0,85.59055555555557,9
438,RUS,Canadian Grand Prix,3.0,MEDIUM,4.0,87.3505625,16
439,HAM,Canadian Grand Prix,4.0,INTERMEDIATE,1.0,92.17784,25
440,HAM,Canadian Grand Prix,4.0,INTERMEDIATE,2.0,95.20561111111111,18
441,HAM,Canadian Grand Prix,4.0,MEDIUM,3.0,85.68681818181818,11
442,HAM,Canadian Grand Prix,4.0,HARD,4.0,87.00874999999999,16
443,PIA,Canadian Grand Prix,5.0,INTERMEDIATE,1.0,91.38712,25
444,PIA,Canadian Grand Prix,5.0,INTERMEDIATE,2.0,95.57047368421053,19
445,PIA,Canadian Grand Prix,5.0,MEDIUM,3.0,86.83111538461539,26
446,ALO,Canadian Grand Prix,6.0,INTERMEDIATE,1.0,92.22995999999999,25
447,ALO,Canadian Grand Prix,6.0,INTERMEDIATE,2.0,95.22636842105263,19
448,ALO,Canadian Grand Prix,6.0,HARD,3.0,86.55334615384616,26
449,STR,Canadian Grand Prix,7.0,INTERMEDIATE,1.0,93.54191999999999,25
450,STR,Canadian Grand Prix,7.0,INTERMEDIATE,2.0,93.87657894736842,19
451,STR,Canadian Grand Prix,7.0,HARD,3.0,86.51342307692309,26
452,RIC,Canadian Grand Prix,8.0,INTERMEDIATE,1.0,94.40200000000002,26
453,RIC,Canadian Grand Prix,8.0,INTERMEDIATE,2.0,93.34947058823529,17
454,RIC,Canadian Grand Prix,8.0,MEDIUM,3.0,86.48911111111111,27
455,GAS,Canadian Grand Prix,9.0,INTERMEDIATE,1.0,94.33652000000001,25
456,GAS,Canadian Grand Prix,9.0,INTERMEDIATE,2.0,95.2558,15
457,GAS,Canadian Grand Prix,9.0,HARD,3.0,86.3566,30
458,OCO,Canadian Grand Prix,10.0,INTERMEDIATE,1.0,93.72068181818182,44
459,OCO,Canadian Grand Prix,10.0,MEDIUM,2.0,86.71269230769232,26
460,HUL,Canadian Grand Prix,11.0,WET,1.0,98.73683333333334,12
461,HUL,Canadian Grand Prix,11.0,INTERMEDIATE,2.0,91.42469230769231,13
462,HUL,Canadian Grand Prix,11.0,INTERMEDIATE,3.0,92.72131578947368,19
463,HUL,Canadian Grand Prix,11.0,MEDIUM,4.0,86.2955,26
464,MAG,Canadian Grand Prix,12.0,WET,1.0,100.48114285714284,7
465,MAG,Canadian Grand Prix,12.0,INTERMEDIATE,2.0,91.89166666666667,18
466,MAG,Canadian Grand Prix,12.0,INTERMEDIATE,3.0,94.91625,16
467,MAG,Canadian Grand Prix,12.0,MEDIUM,4.0,87.9143846153846,13
468,MAG,Canadian Grand Prix,12.0,MEDIUM,5.0,85.0134375,16
469,BOT,Canadian Grand Prix,13.0,INTERMEDIATE,1.0,94.22321428571429,42
470,BOT,Canadian Grand Prix,13.0,MEDIUM,2.0,86.82282142857142,28
471,TSU,Canadian Grand Prix,14.0,INTERMEDIATE,1.0,93.61720454545456,44
472,TSU,Canadian Grand Prix,14.0,MEDIUM,2.0,87.74861538461538,26
473,ZHO,Canadian Grand Prix,15.0,INTERMEDIATE,1.0,94.80825,24
474,ZHO,Canadian Grand Prix,15.0,INTERMEDIATE,2.0,95.5515,20
475,ZHO,Canadian Grand Prix,15.0,MEDIUM,3.0,93.94749999999999,8
476,ZHO,Canadian Grand Prix,15.0,MEDIUM,4.0,86.08511764705884,17
477,SAI,Canadian Grand Prix,16.0,INTERMEDIATE,1.0,94.26456,25
478,SAI,Canadian Grand Prix,16.0,INTERMEDIATE,2.0,93.71261111111112,18
479,SAI,Canadian Grand Prix,16.0,MEDIUM,3.0,82.78122222222221,10
480,ALB,Canadian Grand Prix,17.0,INTERMEDIATE,1.0,93.86084000000001,25
481,ALB,Canadian Grand Prix,17.0,INTERMEDIATE,2.0,93.67347368421053,19
482,ALB,Canadian Grand Prix,17.0,MEDIUM,3.0,82.840375,9
483,PER,Canadian Grand Prix,18.0,INTERMEDIATE,1.0,94.80476,25
484,PER,Canadian Grand Prix,18.0,INTERMEDIATE,2.0,93.01216666666667,18
485,PER,Canadian Grand Prix,18.0,MEDIUM,3.0,83.30375,9
486,LEC,Canadian Grand Prix,19.0,INTERMEDIATE,1.0,93.98848,25
487,LEC,Canadian Grand Prix,19.0,INTERMEDIATE,2.0,118.544,3
488,LEC,Canadian Grand Prix,19.0,HARD,3.0,112.75733333333335,3
489,LEC,Canadian Grand Prix,19.0,INTERMEDIATE,4.0,88.85466666666667,10
490,SAR,Canadian Grand Prix,20.0,INTERMEDIATE,1.0,94.10952173913043,24
491,VER,Spanish Grand Prix,1.0,SOFT,1.0,81.18935294117648,17
492,VER,Spanish Grand Prix,1.0,MEDIUM,2.0,80.66803703703702,27
493,VER,Spanish Grand Prix,1.0,SOFT,3.0,79.1805,22
494,NOR,Spanish Grand Prix,2.0,SOFT,1.0,81.30321739130434,23
495,NOR,Spanish Grand Prix,2.0,MEDIUM,2.0,80.42520833333333,24
496,NOR,Spanish Grand Prix,2.0,SOFT,3.0,79.06668421052632,19
497,HAM,Spanish Grand Prix,3.0,SOFT,1.0,81.6400625,16
498,HAM,Spanish Grand Prix,3.0,MEDIUM,2.0,80.88166666666666,27
499,HAM,Spanish Grand Prix,3.0,SOFT,3.0,79.477,23
500,RUS,Spanish Grand Prix,4.0,SOFT,1.0,81.48246666666667,15
501,RUS,Spanish Grand Prix,4.0,MEDIUM,2.0,81.33028571428571,21
502,RUS,Spanish Grand Prix,4.0,HARD,3.0,79.74579999999999,30
503,LEC,Spanish Grand Prix,5.0,SOFT,1.0,81.57566666666666,24
504,LEC,Spanish Grand Prix,5.0,MEDIUM,2.0,80.65791304347826,23
505,LEC,Spanish Grand Prix,5.0,SOFT,3.0,79.47305263157895,19
506,SAI,Spanish Grand Prix,6.0,SOFT,1.0,81.69886666666666,15
507,SAI,Spanish Grand Prix,6.0,MEDIUM,2.0,81.35752380952381,21
508,SAI,Spanish Grand Prix,6.0,HARD,3.0,79.9088,30
509,PIA,Spanish Grand Prix,7.0,SOFT,1.0,82.06985714285715,21
510,PIA,Spanish Grand Prix,7.0,MEDIUM,2.0,80.89920000000001,25
511,PIA,Spanish Grand Prix,7.0,SOFT,3.0,79.402,20
512,PER,Spanish Grand Prix,8.0,SOFT,1.0,82.61076923076924,13
513,PER,Spanish Grand Prix,8.0,SOFT,2.0,82.12316666666668,18
514,PER,Spanish Grand Prix,8.0,MEDIUM,3.0,80.50766666666667,18
515,PER,Spanish Grand Prix,8.0,SOFT,4.0,79.90917647058825,17
516,GAS,Spanish Grand Prix,9.0,SOFT,1.0,82.01571428571428,14
517,GAS,Spanish Grand Prix,9.0,MEDIUM,2.0,81.93537500000001,24
518,GAS,Spanish Grand Prix,9.0,HARD,3.0,80.27082142857144,28
519,OCO,Spanish Grand Prix,10.0,SOFT,1.0,82.44284615384616,13
520,OCO,Spanish Grand Prix,10.0,MEDIUM,2.0,82.11274999999999,24
521,OCO,Spanish Grand Prix,10.0,HARD,3.0,80.33286206896553,29
522,HUL,Spanish Grand Prix,11.0,SOFT,1.0,82.77333333333333,12
523,HUL,Spanish Grand Prix,11.0,MEDIUM,2.0,82.04215384615385,26
524,HUL,Spanish Grand Prix,11.0,HARD,3.0,80.28807142857143,28
525,ALO,Spanish Grand Prix,12.0,SOFT,1.0,82.84436842105264,19
526,ALO,Spanish Grand Prix,12.0,MEDIUM,2.0,81.87557692307692,26
527,ALO,Spanish Grand Prix,12.0,HARD,3.0,80.3458,20
528,ZHO,Spanish Grand Prix,13.0,SOFT,1.0,83.961,9
529,ZHO,Spanish Grand Prix,13.0,MEDIUM,2.0,82.00796875,32
530,ZHO,Spanish Grand Prix,13.0,HARD,3.0,80.65829166666667,24
531,STR,Spanish Grand Prix,14.0,SOFT,1.0,82.82623529411765,17
532,STR,Spanish Grand Prix,14.0,MEDIUM,2.0,82.36295,20
533,STR,Spanish Grand Prix,14.0,HARD,3.0,81.07764285714286,28
534,RIC,Spanish Grand Prix,15.0,SOFT,1.0,83.2943125,16
535,RIC,Spanish Grand Prix,15.0,MEDIUM,2.0,82.2111923076923,26
536,RIC,Spanish Grand Prix,15.0,HARD,3.0,81.48160869565217,23
537,BOT,Spanish Grand Prix,16.0,SOFT,1.0,83.35172727272727,11
538,BOT,Spanish Grand Prix,16.0,SOFT,2.0,82.93488235294117,17
539,BOT,Spanish Grand Prix,16.0,HARD,3.0,81.80481081081082,37
540,MAG,Spanish Grand Prix,17.0,SOFT,1.0,83.6646,10
541,MAG,Spanish Grand Prix,17.0,MEDIUM,2.0,82.86568421052633,19
542,MAG,Spanish Grand Prix,17.0,HARD,3.0,81.77558333333334,36
543,ALB,Spanish Grand Prix,18.0,MEDIUM,1.0,83.54594444444444,18
544,ALB,Spanish Grand Prix,18.0,SOFT,2.0,82.34248,25
545,ALB,Spanish Grand Prix,18.0,SOFT,3.0,81.63577272727274,22
546,TSU,Spanish Grand Prix,19.0,SOFT,1.0,84.13577777777778,9
547,TSU,Spanish Grand Prix,19.0,MEDIUM,2.0,83.11816666666667,18
548,TSU,Spanish Grand Prix,19.0,HARD,3.0,82.41947058823528,17
549,TSU,Spanish Grand Prix,19.0,SOFT,4.0,81.41195238095239,21
550,SAR,Spanish Grand Prix,20.0,SOFT,1.0,83.82707142857143,14
551,SAR,Spanish Grand Prix,20.0,MEDIUM,2.0,83.1823,20
552,SAR,Spanish Grand Prix,20.0,HARD,3.0,82.26226666666666,30
553,RUS,Austrian Grand Prix,1.0,MEDIUM,1.0,71.40668181818182,22
554,RUS,Austrian Grand Prix,1.0,MEDIUM,2.0,71.33041666666666,24
555,RUS,Austrian Grand Prix,1.0,HARD,3.0,71.19684000000001,25
556,PIA,Austrian Grand Prix,2.0,MEDIUM,1.0,71.63556,25
557,PIA,Austrian Grand Prix,2.0,HARD,2.0,71.20303846153845,26
558,PIA,Austrian Grand Prix,2.0,MEDIUM,3.0,71.1268,20
559,SAI,Austrian Grand Prix,3.0,MEDIUM,1.0,71.52918181818183,22
560,SAI,Austrian Grand Prix,3.0,HARD,2.0,71.32184000000001,25
561,SAI,Austrian Grand Prix,3.0,MEDIUM,3.0,71.27679166666667,24
562,HAM,Austrian Grand Prix,4.0,MEDIUM,1.0,71.66571428571429,21
563,HAM,Austrian Grand Prix,4.0,HARD,2.0,71.33290625000001,32
564,HAM,Austrian Grand Prix,4.0,MEDIUM,3.0,72.12816666666667,18
565,VER,Austrian Grand Prix,5.0,MEDIUM,1.0,70.93021739130435,23
566,VER,Austrian Grand Prix,5.0,HARD,2.0,70.84957142857142,28
567,VER,Austrian Grand Prix,5.0,MEDIUM,3.0,73.31776923076923,13
568,VER,Austrian Grand Prix,5.0,SOFT,4.0,74.53385714285714,7
569,HUL,Austrian Grand Prix,6.0,MEDIUM,1.0,72.20081818181819,11
570,HUL,Austrian Grand Prix,6.0,HARD,2.0,72.25064285714286,28
571,HUL,Austrian Grand Prix,6.0,HARD,3.0,71.86434375,32
572,PER,Austrian Grand Prix,7.0,MEDIUM,1.0,71.97061904761905,21
573,PER,Austrian Grand Prix,7.0,HARD,2.0,71.7933,30
574,PER,Austrian Grand Prix,7.0,MEDIUM,3.0,72.6144,20
575,MAG,Austrian Grand Prix,8.0,MEDIUM,1.0,72.41749999999999,10
576,MAG,Austrian Grand Prix,8.0,HARD,2.0,72.36539285714285,28
577,MAG,Austrian Grand Prix,8.0,HARD,3.0,71.90142424242424,33
578,RIC,Austrian Grand Prix,9.0,MEDIUM,1.0,72.53049999999999,10
579,RIC,Austrian Grand Prix,9.0,HARD,2.0,72.41744444444444,27
580,RIC,Austrian Grand Prix,9.0,HARD,3.0,71.86444117647059,34
581,GAS,Austrian Grand Prix,10.0,MEDIUM,1.0,72.3399,20
582,GAS,Austrian Grand Prix,10.0,HARD,2.0,72.49309090909091,22
583,GAS,Austrian Grand Prix,10.0,MEDIUM,3.0,71.82475862068966,29
584,LEC,Austrian Grand Prix,11.0,MEDIUM,1.0,82.085,1
585,LEC,Austrian Grand Prix,11.0,HARD,2.0,73.19993333333333,15
586,LEC,Austrian Grand Prix,11.0,MEDIUM,3.0,72.05735294117646,17
587,LEC,Austrian Grand Prix,11.0,MEDIUM,4.0,71.64833333333334,18
588,LEC,Austrian Grand Prix,11.0,MEDIUM,5.0,71.75625,20
589,OCO,Austrian Grand Prix,12.0,MEDIUM,1.0,72.26663157894737,19
590,OCO,Austrian Grand Prix,12.0,HARD,2.0,72.54537499999999,24
591,OCO,Austrian Grand Prix,12.0,MEDIUM,3.0,72.03457142857143,28
592,STR,Austrian Grand Prix,13.0,MEDIUM,1.0,72.66475,20
593,STR,Austrian Grand Prix,13.0,MEDIUM,2.0,72.43621739130434,23
594,STR,Austrian Grand Prix,13.0,HARD,3.0,72.3594074074074,27
595,TSU,Austrian Grand Prix,14.0,MEDIUM,1.0,72.52719047619047,21
596,TSU,Austrian Grand Prix,14.0,HARD,2.0,72.40586956521739,23
597,TSU,Austrian Grand Prix,14.0,HARD,3.0,72.59757692307693,26
598,ALB,Austrian Grand Prix,15.0,MEDIUM,1.0,72.66625,12
599,ALB,Austrian Grand Prix,15.0,HARD,2.0,72.62644444444445,27
600,ALB,Austrian Grand Prix,15.0,HARD,3.0,72.28241935483871,31
601,BOT,Austrian Grand Prix,16.0,MEDIUM,1.0,72.75873684210526,19
602,BOT,Austrian Grand Prix,16.0,HARD,2.0,72.529,23
603,BOT,Austrian Grand Prix,16.0,HARD,3.0,72.55678571428571,28
604,ZHO,Austrian Grand Prix,17.0,HARD,1.0,73.23135714285715,28
605,ZHO,Austrian Grand Prix,17.0,MEDIUM,2.0,72.77308695652174,23
606,ZHO,Austrian Grand Prix,17.0,HARD,3.0,72.81163157894737,19
607,ALO,Austrian Grand Prix,18.0,MEDIUM,1.0,72.73436363636364,11
608,ALO,Austrian Grand Prix,18.0,MEDIUM,2.0,72.52454166666666,24
609,ALO,Austrian Grand Prix,18.0,HARD,3.0,73.08290909090908,33
610,ALO,Austrian Grand Prix,18.0,SOFT,4.0,79.0275,2
611,SAR,Austrian Grand Prix,19.0,MEDIUM,1.0,84.605,1
612,SAR,Austrian Grand Prix,19.0,MEDIUM,2.0,74.12757894736842,19
613,SAR,Austrian Grand Prix,19.0,HARD,3.0,72.8434827586207,29
614,SAR,Austrian Grand Prix,19.0,MEDIUM,4.0,73.18084999999999,20
615,NOR,Austrian Grand Prix,20.0,MEDIUM,1.0,71.18960869565217,23
616,NOR,Austrian Grand Prix,20.0,HARD,2.0,70.90842857142857,28
617,NOR,Austrian Grand Prix,20.0,MEDIUM,3.0,74.4813076923077,13
618,HAM,British Grand Prix,1.0,MEDIUM,1.0,93.72625925925925,27
619,HAM,British Grand Prix,1.0,INTERMEDIATE,2.0,102.91672727272727,11
620,HAM,British Grand Prix,1.0,SOFT,3.0,91.74042857142857,14
621,VER,British Grand Prix,2.0,MEDIUM,1.0,93.64507692307691,26
622,VER,British Grand Prix,2.0,INTERMEDIATE,2.0,102.78425,12
623,VER,British Grand Prix,2.0,HARD,3.0,91.45292857142856,14
624,NOR,British Grand Prix,3.0,MEDIUM,1.0,93.6061111111111,27
625,NOR,British Grand Prix,3.0,INTERMEDIATE,2.0,102.57650000000001,12
626,NOR,British Grand Prix,3.0,SOFT,3.0,92.02484615384616,13
627,PIA,British Grand Prix,4.0,MEDIUM,1.0,94.4959642857143,28
628,PIA,British Grand Prix,4.0,INTERMEDIATE,2.0,103.68230000000001,10
629,PIA,British Grand Prix,4.0,MEDIUM,3.0,91.19842857142858,14
630,SAI,British Grand Prix,5.0,MEDIUM,1.0,93.6953076923077,26
631,SAI,British Grand Prix,5.0,INTERMEDIATE,2.0,103.36392307692307,13
632,SAI,British Grand Prix,5.0,HARD,3.0,92.15718181818183,11
633,SAI,British Grand Prix,5.0,SOFT,4.0,100.4195,2
634,HUL,British Grand Prix,6.0,MEDIUM,1.0,94.34523076923077,26
635,HUL,British Grand Prix,6.0,INTERMEDIATE,2.0,103.7903076923077,13
636,HUL,British Grand Prix,6.0,SOFT,3.0,92.34853846153845,13
637,STR,British Grand Prix,7.0,MEDIUM,1.0,94.42580769230769,26
638,STR,British Grand Prix,7.0,INTERMEDIATE,2.0,103.99061538461538,13
639,STR,British Grand Prix,7.0,MEDIUM,3.0,92.05223076923077,13
640,ALO,British Grand Prix,8.0,MEDIUM,1.0,95.00651851851852,27
641,ALO,British Grand Prix,8.0,INTERMEDIATE,2.0,104.67218181818181,11
642,ALO,British Grand Prix,8.0,MEDIUM,3.0,92.43328571428572,14
643,ALB,British Grand Prix,9.0,MEDIUM,1.0,95.0794074074074,27
644,ALB,British Grand Prix,9.0,INTERMEDIATE,2.0,105.21981818181817,11
645,ALB,British Grand Prix,9.0,MEDIUM,3.0,92.206,14
646,TSU,British Grand Prix,10.0,MEDIUM,1.0,95.053,27
647,TSU,British Grand Prix,10.0,INTERMEDIATE,2.0,105.0139090909091,11
648,TSU,British Grand Prix,10.0,SOFT,3.0,93.19842857142858,14
649,SAR,British Grand Prix,11.0,MEDIUM,1.0,95.38537037037038,27
650,SAR,British Grand Prix,11.0,INTERMEDIATE,2.0,105.6299090909091,11
651,SAR,British Grand Prix,11.0,SOFT,3.0,92.76321428571428,14
652,MAG,British Grand Prix,12.0,MEDIUM,1.0,95.305,27
653,MAG,British Grand Prix,12.0,INTERMEDIATE,2.0,106.20250000000001,10
654,MAG,British Grand Prix,12.0,SOFT,3.0,93.46346666666666,15
655,RIC,British Grand Prix,13.0,MEDIUM,1.0,95.28973076923077,26
656,RIC,British Grand Prix,13.0,INTERMEDIATE,2.0,105.51809090909092,11
657,RIC,British Grand Prix,13.0,SOFT,3.0,94.19742857142856,14
658,LEC,British Grand Prix,14.0,MEDIUM,1.0,93.95473684210526,19
659,LEC,British Grand Prix,14.0,INTERMEDIATE,2.0,108.33250000000001,8
660,LEC,British Grand Prix,14.0,INTERMEDIATE,3.0,104.24680000000001,10
661,LEC,British Grand Prix,14.0,SOFT,4.0,92.376,14
662,BOT,British Grand Prix,15.0,MEDIUM,1.0,95.98665384615386,26
663,BOT,British Grand Prix,15.0,INTERMEDIATE,2.0,105.78127272727274,11
664,BOT,British Grand Prix,15.0,SOFT,3.0,94.97378571428571,14
665,OCO,British Grand Prix,16.0,SOFT,1.0,95.54226315789474,19
666,OCO,British Grand Prix,16.0,INTERMEDIATE,2.0,110.38050000000001,2
667,OCO,British Grand Prix,16.0,MEDIUM,3.0,106.9686,5
668,OCO,British Grand Prix,16.0,INTERMEDIATE,4.0,104.62733333333334,12
669,OCO,British Grand Prix,16.0,MEDIUM,5.0,94.27550000000001,12
670,PER,British Grand Prix,17.0,HARD,1.0,94.37757894736842,19
671,PER,British Grand Prix,17.0,INTERMEDIATE,2.0,108.20566666666667,9
672,PER,British Grand Prix,17.0,INTERMEDIATE,3.0,105.09766666666667,9
673,PER,British Grand Prix,17.0,MEDIUM,4.0,93.9586,10
674,PER,British Grand Prix,17.0,SOFT,5.0,104.19133333333333,3
675,ZHO,British Grand Prix,18.0,SOFT,1.0,95.06591666666667,12
676,ZHO,British Grand Prix,18.0,MEDIUM,2.0,99.89085714285714,7
677,ZHO,British Grand Prix,18.0,INTERMEDIATE,3.0,110.43842857142856,7
678,ZHO,British Grand Prix,18.0,INTERMEDIATE,4.0,105.57254545454545,11
679,ZHO,British Grand Prix,18.0,SOFT,5.0,94.39546153846155,13
680,RUS,British Grand Prix,19.0,MEDIUM,1.0,93.86981481481482,27
681,RUS,British Grand Prix,19.0,INTERMEDIATE,2.0,106.19866666666667,6
682,GAS,British Grand Prix,20.0,MEDIUM,1.0,,1
683,PIA,Hungarian Grand Prix,1.0,MEDIUM,1.0,84.40066666666667,18
684,PIA,Hungarian Grand Prix,1.0,HARD,2.0,84.4553448275862,29
685,PIA,Hungarian Grand Prix,1.0,MEDIUM,3.0,83.19878260869565,23
686,NOR,Hungarian Grand Prix,2.0,MEDIUM,1.0,84.615,17
687,NOR,Hungarian Grand Prix,2.0,HARD,2.0,84.42049999999999,28
688,NOR,Hungarian Grand Prix,2.0,MEDIUM,3.0,83.27604,25
689,HAM,Hungarian Grand Prix,3.0,MEDIUM,1.0,84.9768125,16
690,HAM,Hungarian Grand Prix,3.0,HARD,2.0,84.669125,24
691,HAM,Hungarian Grand Prix,3.0,HARD,3.0,83.50603333333333,30
692,LEC,Hungarian Grand Prix,4.0,MEDIUM,1.0,84.95278260869566,23
693,LEC,Hungarian Grand Prix,4.0,HARD,2.0,84.65029411764706,17
694,LEC,Hungarian Grand Prix,4.0,MEDIUM,3.0,83.62353333333334,30
695,VER,Hungarian Grand Prix,5.0,MEDIUM,1.0,84.83052380952381,21
696,VER,Hungarian Grand Prix,5.0,HARD,2.0,84.45275000000001,28
697,VER,Hungarian Grand Prix,5.0,MEDIUM,3.0,83.67714285714285,21
698,SAI,Hungarian Grand Prix,6.0,MEDIUM,1.0,85.25261904761905,21
699,SAI,Hungarian Grand Prix,6.0,HARD,2.0,84.49923076923076,26
700,SAI,Hungarian Grand Prix,6.0,MEDIUM,3.0,83.38160869565218,23
701,PER,Hungarian Grand Prix,7.0,HARD,1.0,85.97639285714286,28
702,PER,Hungarian Grand Prix,7.0,MEDIUM,2.0,84.31363157894737,19
703,PER,Hungarian Grand Prix,7.0,MEDIUM,3.0,83.15143478260869,23
704,RUS,Hungarian Grand Prix,8.0,HARD,1.0,85.85354545454545,33
705,RUS,Hungarian Grand Prix,8.0,MEDIUM,2.0,83.7633,20
706,RUS,Hungarian Grand Prix,8.0,HARD,3.0,83.28964705882353,17
707,TSU,Hungarian Grand Prix,9.0,MEDIUM,1.0,85.90372413793104,29
708,TSU,Hungarian Grand Prix,9.0,HARD,2.0,84.58634146341463,41
709,STR,Hungarian Grand Prix,10.0,SOFT,1.0,86.09171428571429,14
710,STR,Hungarian Grand Prix,10.0,MEDIUM,2.0,85.66303225806452,31
711,STR,Hungarian Grand Prix,10.0,HARD,3.0,83.96508,25
712,ALO,Hungarian Grand Prix,11.0,SOFT,1.0,86.98157142857143,7
713,ALO,Hungarian Grand Prix,11.0,MEDIUM,2.0,85.71526666666666,30
714,ALO,Hungarian Grand Prix,11.0,HARD,3.0,84.36727272727272,33
715,RIC,Hungarian Grand Prix,12.0,MEDIUM,1.0,87.38728571428571,7
716,RIC,Hungarian Grand Prix,12.0,HARD,2.0,86.4237619047619,21
717,RIC,Hungarian Grand Prix,12.0,HARD,3.0,84.71470731707316,41
718,HUL,Hungarian Grand Prix,13.0,MEDIUM,1.0,92.37100000000001,2
719,HUL,Hungarian Grand Prix,13.0,HARD,2.0,86.0742962962963,27
720,HUL,Hungarian Grand Prix,13.0,HARD,3.0,85.16062500000001,40
721,ALB,Hungarian Grand Prix,14.0,SOFT,1.0,87.73899999999999,6
722,ALB,Hungarian Grand Prix,14.0,HARD,2.0,86.24591304347825,23
723,ALB,Hungarian Grand Prix,14.0,HARD,3.0,85.2167,40
724,MAG,Hungarian Grand Prix,15.0,SOFT,1.0,87.87383333333334,6
725,MAG,Hungarian Grand Prix,15.0,HARD,2.0,86.19032142857144,28
726,MAG,Hungarian Grand Prix,15.0,HARD,3.0,85.33482857142857,35
727,BOT,Hungarian Grand Prix,16.0,MEDIUM,1.0,86.33737500000001,16
728,BOT,Hungarian Grand Prix,16.0,HARD,2.0,86.12755172413793,29
729,BOT,Hungarian Grand Prix,16.0,HARD,3.0,85.34587499999999,24
730,SAR,Hungarian Grand Prix,17.0,MEDIUM,1.0,87.71825,8
731,SAR,Hungarian Grand Prix,17.0,HARD,2.0,86.25796,25
732,SAR,Hungarian Grand Prix,17.0,HARD,3.0,85.59646666666667,30
733,SAR,Hungarian Grand Prix,17.0,SOFT,4.0,84.74849999999999,6
734,OCO,Hungarian Grand Prix,18.0,MEDIUM,1.0,88.42516666666667,6
735,OCO,Hungarian Grand Prix,18.0,HARD,2.0,86.28037499999999,24
736,OCO,Hungarian Grand Prix,18.0,HARD,3.0,85.55714705882352,34
737,OCO,Hungarian Grand Prix,18.0,SOFT,4.0,86.539,5
738,ZHO,Hungarian Grand Prix,19.0,MEDIUM,1.0,88.35914285714286,7
739,ZHO,Hungarian Grand Prix,19.0,HARD,2.0,86.48927586206896,29
740,ZHO,Hungarian Grand Prix,19.0,HARD,3.0,85.42072727272728,33
741,GAS,Hungarian Grand Prix,20.0,HARD,1.0,86.43439285714285,28
742,GAS,Hungarian Grand Prix,20.0,MEDIUM,2.0,87.8184,5
743,HAM,Belgian Grand Prix,1.0,MEDIUM,1.0,110.29527272727273,11
744,HAM,Belgian Grand Prix,1.0,HARD,2.0,109.49393333333333,15
745,HAM,Belgian Grand Prix,1.0,HARD,3.0,107.88383333333334,18
746,PIA,Belgian Grand Prix,2.0,MEDIUM,1.0,110.83336363636363,11
747,PIA,Belgian Grand Prix,2.0,HARD,2.0,108.99784210526315,19
748,PIA,Belgian Grand Prix,2.0,HARD,3.0,107.7205,14
749,LEC,Belgian Grand Prix,3.0,MEDIUM,1.0,110.42358333333334,12
750,LEC,Belgian Grand Prix,3.0,HARD,2.0,109.65084615384616,13
751,LEC,Belgian Grand Prix,3.0,HARD,3.0,108.16026315789475,19
752,VER,Belgian Grand Prix,4.0,MEDIUM,1.0,111.29220000000001,10
753,VER,Belgian Grand Prix,4.0,HARD,2.0,109.39527777777778,18
754,VER,Belgian Grand Prix,4.0,MEDIUM,3.0,107.7643125,16
755,NOR,Belgian Grand Prix,5.0,MEDIUM,1.0,110.7282,15
756,NOR,Belgian Grand Prix,5.0,HARD,2.0,109.24785714285714,14
757,NOR,Belgian Grand Prix,5.0,HARD,3.0,107.76646666666667,15
758,SAI,Belgian Grand Prix,6.0,HARD,1.0,110.23795,20
759,SAI,Belgian Grand Prix,6.0,MEDIUM,2.0,110.463375,8
760,SAI,Belgian Grand Prix,6.0,HARD,3.0,108.0230625,16
761,PER,Belgian Grand Prix,7.0,MEDIUM,1.0,110.74663636363636,11
762,PER,Belgian Grand Prix,7.0,MEDIUM,2.0,110.77650000000001,10
763,PER,Belgian Grand Prix,7.0,HARD,3.0,108.85871428571429,21
764,PER,Belgian Grand Prix,7.0,SOFT,4.0,114.112,2
765,ALO,Belgian Grand Prix,8.0,MEDIUM,1.0,111.53361538461537,13
766,ALO,Belgian Grand Prix,8.0,HARD,2.0,109.58277419354837,31
767,OCO,Belgian Grand Prix,9.0,MEDIUM,1.0,111.887,12
768,OCO,Belgian Grand Prix,9.0,HARD,2.0,110.18444444444444,18
769,OCO,Belgian Grand Prix,9.0,HARD,3.0,108.83057142857142,14
770,RIC,Belgian Grand Prix,10.0,SOFT,1.0,112.61075,8
771,RIC,Belgian Grand Prix,10.0,MEDIUM,2.0,111.1973076923077,13
772,RIC,Belgian Grand Prix,10.0,HARD,3.0,108.9354347826087,23
773,STR,Belgian Grand Prix,11.0,MEDIUM,1.0,112.19175,12
774,STR,Belgian Grand Prix,11.0,HARD,2.0,109.8046875,32
775,ALB,Belgian Grand Prix,12.0,MEDIUM,1.0,112.141875,8
776,ALB,Belgian Grand Prix,12.0,MEDIUM,2.0,111.21853333333334,15
777,ALB,Belgian Grand Prix,12.0,HARD,3.0,109.29895238095237,21
778,GAS,Belgian Grand Prix,13.0,MEDIUM,1.0,112.34633333333333,9
779,GAS,Belgian Grand Prix,13.0,HARD,2.0,110.84831578947369,19
780,GAS,Belgian Grand Prix,13.0,HARD,3.0,109.010625,16
781,MAG,Belgian Grand Prix,14.0,MEDIUM,1.0,112.00523529411764,17
782,MAG,Belgian Grand Prix,14.0,HARD,2.0,109.61414814814815,27
783,BOT,Belgian Grand Prix,15.0,MEDIUM,1.0,112.13436363636364,11
784,BOT,Belgian Grand Prix,15.0,HARD,2.0,110.36970833333334,24
785,BOT,Belgian Grand Prix,15.0,MEDIUM,3.0,109.48077777777777,9
786,TSU,Belgian Grand Prix,16.0,MEDIUM,1.0,112.46046666666666,15
787,TSU,Belgian Grand Prix,16.0,HARD,2.0,109.89206896551724,29
788,SAR,Belgian Grand Prix,17.0,MEDIUM,1.0,113.288875,8
789,SAR,Belgian Grand Prix,17.0,MEDIUM,2.0,111.952375,16
790,SAR,Belgian Grand Prix,17.0,HARD,3.0,109.27739999999999,20
791,HUL,Belgian Grand Prix,18.0,MEDIUM,1.0,113.09557142857143,7
792,HUL,Belgian Grand Prix,18.0,HARD,2.0,111.68900000000001,13
793,HUL,Belgian Grand Prix,18.0,MEDIUM,3.0,110.09362499999999,24
794,ZHO,Belgian Grand Prix,19.0,HARD,1.0,119.80725000000001,5
795,RUS,Belgian Grand Prix,20.0,MEDIUM,1.0,111.0521,10
796,RUS,Belgian Grand Prix,20.0,HARD,2.0,108.4270294117647,34
797,NOR,Dutch Grand Prix,1.0,MEDIUM,1.0,76.37260714285715,28
798,NOR,Dutch Grand Prix,1.0,HARD,2.0,75.16104545454544,44
799,VER,Dutch Grand Prix,2.0,MEDIUM,1.0,76.62933333333334,27
800,VER,Dutch Grand Prix,2.0,HARD,2.0,75.54273333333335,45
801,LEC,Dutch Grand Prix,3.0,MEDIUM,1.0,76.94975000000001,24
802,LEC,Dutch Grand Prix,3.0,HARD,2.0,75.50341666666667,48
803,PIA,Dutch Grand Prix,4.0,MEDIUM,1.0,76.732,33
804,PIA,Dutch Grand Prix,4.0,HARD,2.0,75.4025641025641,39
805,SAI,Dutch Grand Prix,5.0,MEDIUM,1.0,77.04209999999999,30
806,SAI,Dutch Grand Prix,5.0,HARD,2.0,75.39030952380952,42
807,PER,Dutch Grand Prix,6.0,MEDIUM,1.0,77.00144827586206,29
808,PER,Dutch Grand Prix,6.0,HARD,2.0,75.6283488372093,43
809,RUS,Dutch Grand Prix,7.0,MEDIUM,1.0,76.85888,25
810,RUS,Dutch Grand Prix,7.0,HARD,2.0,76.24962068965517,29
811,RUS,Dutch Grand Prix,7.0,SOFT,3.0,75.4125,18
812,HAM,Dutch Grand Prix,8.0,SOFT,1.0,77.65034782608696,23
813,HAM,Dutch Grand Prix,8.0,HARD,2.0,76.16708,25
814,HAM,Dutch Grand Prix,8.0,SOFT,3.0,75.207625,24
815,GAS,Dutch Grand Prix,9.0,MEDIUM,1.0,77.53753125,32
816,GAS,Dutch Grand Prix,9.0,HARD,2.0,76.22876923076923,39
817,ALO,Dutch Grand Prix,10.0,MEDIUM,1.0,77.71709677419355,31
818,ALO,Dutch Grand Prix,10.0,HARD,2.0,76.24555000000001,40
819,HUL,Dutch Grand Prix,11.0,MEDIUM,1.0,78.27671428571429,14
820,HUL,Dutch Grand Prix,11.0,HARD,2.0,76.64664912280702,57
821,RIC,Dutch Grand Prix,12.0,MEDIUM,1.0,77.98731034482759,29
822,RIC,Dutch Grand Prix,12.0,HARD,2.0,76.30842857142858,42
823,STR,Dutch Grand Prix,13.0,MEDIUM,1.0,77.84143333333333,30
824,STR,Dutch Grand Prix,13.0,HARD,2.0,76.36556097560975,41
825,ALB,Dutch Grand Prix,14.0,MEDIUM,1.0,78.8455,12
826,ALB,Dutch Grand Prix,14.0,HARD,2.0,77.24371428571428,42
827,ALB,Dutch Grand Prix,14.0,MEDIUM,3.0,76.22635294117647,17
828,OCO,Dutch Grand Prix,15.0,MEDIUM,1.0,78.23576666666666,30
829,OCO,Dutch Grand Prix,15.0,HARD,2.0,76.71521951219512,41
830,SAR,Dutch Grand Prix,16.0,MEDIUM,1.0,78.654,22
831,SAR,Dutch Grand Prix,16.0,HARD,2.0,77.13612244897959,49
832,TSU,Dutch Grand Prix,17.0,SOFT,1.0,78.34157142857143,14
833,TSU,Dutch Grand Prix,17.0,MEDIUM,2.0,77.97944444444445,18
834,TSU,Dutch Grand Prix,17.0,HARD,3.0,77.18597435897436,39
835,MAG,Dutch Grand Prix,18.0,HARD,1.0,78.010775,40
836,MAG,Dutch Grand Prix,18.0,MEDIUM,2.0,77.12241935483871,31
837,BOT,Dutch Grand Prix,19.0,SOFT,1.0,78.659,15
838,BOT,Dutch Grand Prix,19.0,HARD,2.0,77.93271428571428,28
839,BOT,Dutch Grand Prix,19.0,MEDIUM,3.0,77.28762962962963,27
840,ZHO,Dutch Grand Prix,20.0,MEDIUM,1.0,79.04905555555555,18
841,ZHO,Dutch Grand Prix,20.0,HARD,2.0,78.30663636363637,33
842,ZHO,Dutch Grand Prix,20.0,SOFT,3.0,77.60715789473684,19
